Quarter,QuarterQF,HB,HBQF,Location,LocationQF,AdmissionType,AdmissionTypeQF,Sex,Age,Episodes,LengthOfEpisode,AverageLengthOfEpisode,AverageLengthOfEpisodeQF,Stays,LengthOfStay,AverageLengthOfStay,AverageLengthOfStayQF,HBName,Year,Quarter_single
2017Q4,NA,S92000003,d,S92000003,d,Elective Inpatients,NA,Female,0-9 years,640,1352,2.1125,NA,657,1840,2.80060882800609,NA,NA,2017,Q4
2018Q1,NA,S92000003,d,S92000003,d,Elective Inpatients,NA,Female,0-9 years,700,1176,1.68,NA,713,1506,2.11220196353436,NA,NA,2018,Q1
2018Q2,NA,S92000003,d,S92000003,d,Elective Inpatients,NA,Female,0-9 years,737,1550,2.10312075983718,NA,750,1674,2.232,NA,NA,2018,Q2
2018Q3,NA,S92000003,d,S92000003,d,Elective Inpatients,NA,Female,0-9 years,704,1356,1.92613636363636,NA,709,1904,2.68547249647391,NA,NA,2018,Q3
2018Q4,NA,S92000003,d,S92000003,d,Elective Inpatients,NA,Female,0-9 years,631,1265,2.00475435816165,NA,641,1515,2.36349453978159,NA,NA,2018,Q4
2019Q1,NA,S92000003,d,S92000003,d,Elective Inpatients,NA,Female,0-9 years,690,1358,1.96811594202899,NA,693,1710,2.46753246753247,NA,NA,2019,Q1
2019Q2,NA,S92000003,d,S92000003,d,Elective Inpatients,NA,Female,0-9 years,611,1320,2.16039279869067,NA,621,1782,2.8695652173913,NA,NA,2019,Q2
2019Q3,NA,S92000003,d,S92000003,d,Elective Inpatients,NA,Female,0-9 years,682,1178,1.72727272727273,NA,700,1577,2.25285714285714,NA,NA,2019,Q3
2019Q4,NA,S92000003,d,S92000003,d,Elective Inpatients,NA,Female,0-9 years,604,1171,1.9387417218543,NA,613,1413,2.30505709624796,NA,NA,2019,Q4
2020Q1,NA,S92000003,d,S92000003,d,Elective Inpatients,NA,Female,0-9 years,606,957,1.57920792079208,NA,623,1379,2.21348314606742,NA,NA,2020,Q1
2020Q2,NA,S92000003,d,S92000003,d,Elective Inpatients,NA,Female,0-9 years,201,743,3.69651741293532,NA,197,1029,5.22335025380711,NA,NA,2020,Q2
2020Q3,NA,S92000003,d,S92000003,d,Elective Inpatients,NA,Female,0-9 years,391,878,2.24552429667519,NA,395,1641,4.15443037974684,NA,NA,2020,Q3
2020Q4,NA,S92000003,d,S92000003,d,Elective Inpatients,NA,Female,0-9 years,430,878,2.04186046511628,NA,434,1215,2.79953917050691,NA,NA,2020,Q4
2021Q1,NA,S92000003,d,S92000003,d,Elective Inpatients,NA,Female,0-9 years,414,737,1.78019323671498,NA,416,1130,2.71634615384615,NA,NA,2021,Q1
2021Q2,NA,S92000003,d,S92000003,d,Elective Inpatients,NA,Female,0-9 years,478,888,1.85774058577406,NA,477,1202,2.51991614255765,NA,NA,2021,Q2
2021Q3,NA,S92000003,d,S92000003,d,Elective Inpatients,NA,Female,0-9 years,374,868,2.32085561497326,NA,379,971,2.56200527704485,NA,NA,2021,Q3
2021Q4,NA,S92000003,d,S92000003,d,Elective Inpatients,NA,Female,0-9 years,325,664,2.04307692307692,NA,331,826,2.49546827794562,NA,NA,2021,Q4
2022Q1,NA,S92000003,d,S92000003,d,Elective Inpatients,NA,Female,0-9 years,423,669,1.58156028368794,NA,430,992,2.30697674418605,NA,NA,2022,Q1
2022Q2,NA,S92000003,d,S92000003,d,Elective Inpatients,NA,Female,0-9 years,419,783,1.86873508353222,NA,421,1004,2.38479809976247,NA,NA,2022,Q2
2022Q3,NA,S92000003,d,S92000003,d,Elective Inpatients,NA,Female,0-9 years,432,843,1.95138888888889,NA,453,1084,2.39293598233996,NA,NA,2022,Q3
2022Q4,p,S92000003,d,S92000003,d,Elective Inpatients,NA,Female,0-9 years,438,798,1.82191780821918,NA,448,1136,2.53571428571429,NA,NA,2022,Q4
2017Q4,NA,S92000003,d,S92000003,d,Elective Inpatients,NA,Female,10-19 years,693,1430,2.06349206349206,NA,700,1604,2.29142857142857,NA,NA,2017,Q4
2018Q1,NA,S92000003,d,S92000003,d,Elective Inpatients,NA,Female,10-19 years,691,1338,1.93632416787265,NA,705,1545,2.19148936170213,NA,NA,2018,Q1
2018Q2,NA,S92000003,d,S92000003,d,Elective Inpatients,NA,Female,10-19 years,753,1599,2.12350597609562,NA,762,1841,2.41601049868766,NA,NA,2018,Q2
2018Q3,NA,S92000003,d,S92000003,d,Elective Inpatients,NA,Female,10-19 years,720,1547,2.14861111111111,NA,738,1673,2.26693766937669,NA,NA,2018,Q3
2018Q4,NA,S92000003,d,S92000003,d,Elective Inpatients,NA,Female,10-19 years,623,1275,2.04654895666132,NA,640,1521,2.3765625,NA,NA,2018,Q4
2019Q1,NA,S92000003,d,S92000003,d,Elective Inpatients,NA,Female,10-19 years,641,1405,2.19188767550702,NA,656,1768,2.69512195121951,NA,NA,2019,Q1
2019Q2,NA,S92000003,d,S92000003,d,Elective Inpatients,NA,Female,10-19 years,608,1335,2.19572368421053,NA,610,1480,2.42622950819672,NA,NA,2019,Q2
2019Q3,NA,S92000003,d,S92000003,d,Elective Inpatients,NA,Female,10-19 years,643,1328,2.06531881804044,NA,659,1628,2.47040971168437,NA,NA,2019,Q3
2019Q4,NA,S92000003,d,S92000003,d,Elective Inpatients,NA,Female,10-19 years,541,1283,2.37153419593346,NA,550,1503,2.73272727272727,NA,NA,2019,Q4
2020Q1,NA,S92000003,d,S92000003,d,Elective Inpatients,NA,Female,10-19 years,512,973,1.900390625,NA,519,1190,2.29287090558767,NA,NA,2020,Q1
2020Q2,NA,S92000003,d,S92000003,d,Elective Inpatients,NA,Female,10-19 years,159,356,2.23899371069182,NA,162,500,3.08641975308642,NA,NA,2020,Q2
2020Q3,NA,S92000003,d,S92000003,d,Elective Inpatients,NA,Female,10-19 years,314,675,2.14968152866242,NA,315,867,2.75238095238095,NA,NA,2020,Q3
2020Q4,NA,S92000003,d,S92000003,d,Elective Inpatients,NA,Female,10-19 years,429,2769,6.45454545454545,NA,432,2949,6.82638888888889,NA,NA,2020,Q4
2021Q1,NA,S92000003,d,S92000003,d,Elective Inpatients,NA,Female,10-19 years,342,874,2.55555555555556,NA,338,1035,3.06213017751479,NA,NA,2021,Q1
2021Q2,NA,S92000003,d,S92000003,d,Elective Inpatients,NA,Female,10-19 years,441,866,1.96371882086168,NA,448,1235,2.75669642857143,NA,NA,2021,Q2
2021Q3,NA,S92000003,d,S92000003,d,Elective Inpatients,NA,Female,10-19 years,376,875,2.32712765957447,NA,378,1020,2.6984126984127,NA,NA,2021,Q3
2021Q4,NA,S92000003,d,S92000003,d,Elective Inpatients,NA,Female,10-19 years,387,545,1.40826873385013,NA,392,743,1.89540816326531,NA,NA,2021,Q4
2022Q1,NA,S92000003,d,S92000003,d,Elective Inpatients,NA,Female,10-19 years,441,791,1.79365079365079,NA,442,904,2.04524886877828,NA,NA,2022,Q1
2022Q2,NA,S92000003,d,S92000003,d,Elective Inpatients,NA,Female,10-19 years,392,812,2.07142857142857,NA,399,1099,2.75438596491228,NA,NA,2022,Q2
2022Q3,NA,S92000003,d,S92000003,d,Elective Inpatients,NA,Female,10-19 years,445,904,2.0314606741573,NA,455,1040,2.28571428571429,NA,NA,2022,Q3
2022Q4,p,S92000003,d,S92000003,d,Elective Inpatients,NA,Female,10-19 years,453,966,2.13245033112583,NA,461,1101,2.3882863340564,NA,NA,2022,Q4
2017Q4,NA,S92000003,d,S92000003,d,Elective Inpatients,NA,Female,20-29 years,754,1587,2.10477453580902,NA,761,2018,2.65177398160315,NA,NA,2017,Q4
2018Q1,NA,S92000003,d,S92000003,d,Elective Inpatients,NA,Female,20-29 years,704,1158,1.64488636363636,NA,705,1428,2.02553191489362,NA,NA,2018,Q1
2018Q2,NA,S92000003,d,S92000003,d,Elective Inpatients,NA,Female,20-29 years,812,1477,1.81896551724138,NA,817,1980,2.4235006119951,NA,NA,2018,Q2
2018Q3,NA,S92000003,d,S92000003,d,Elective Inpatients,NA,Female,20-29 years,774,1327,1.71447028423773,NA,787,1780,2.26175349428208,NA,NA,2018,Q3
2018Q4,NA,S92000003,d,S92000003,d,Elective Inpatients,NA,Female,20-29 years,717,1269,1.76987447698745,NA,729,2207,3.02743484224966,NA,NA,2018,Q4
2019Q1,NA,S92000003,d,S92000003,d,Elective Inpatients,NA,Female,20-29 years,694,1394,2.00864553314121,NA,709,1682,2.37235543018336,NA,NA,2019,Q1
2019Q2,NA,S92000003,d,S92000003,d,Elective Inpatients,NA,Female,20-29 years,759,1253,1.65085638998682,NA,770,1663,2.15974025974026,NA,NA,2019,Q2
2019Q3,NA,S92000003,d,S92000003,d,Elective Inpatients,NA,Female,20-29 years,698,1092,1.56446991404011,NA,718,1738,2.42061281337047,NA,NA,2019,Q3
2019Q4,NA,S92000003,d,S92000003,d,Elective Inpatients,NA,Female,20-29 years,662,1064,1.60725075528701,NA,668,1378,2.06287425149701,NA,NA,2019,Q4
2020Q1,NA,S92000003,d,S92000003,d,Elective Inpatients,NA,Female,20-29 years,631,1279,2.02694136291601,NA,635,1571,2.4740157480315,NA,NA,2020,Q1
2020Q2,NA,S92000003,d,S92000003,d,Elective Inpatients,NA,Female,20-29 years,200,400,2,NA,192,506,2.63541666666667,NA,NA,2020,Q2
2020Q3,NA,S92000003,d,S92000003,d,Elective Inpatients,NA,Female,20-29 years,422,813,1.92654028436019,NA,423,1205,2.84869976359338,NA,NA,2020,Q3
2020Q4,NA,S92000003,d,S92000003,d,Elective Inpatients,NA,Female,20-29 years,504,970,1.92460317460317,NA,520,1392,2.67692307692308,NA,NA,2020,Q4
2021Q1,NA,S92000003,d,S92000003,d,Elective Inpatients,NA,Female,20-29 years,383,607,1.58485639686684,NA,387,950,2.45478036175711,NA,NA,2021,Q1
2021Q2,NA,S92000003,d,S92000003,d,Elective Inpatients,NA,Female,20-29 years,475,1042,2.19368421052632,NA,484,1245,2.57231404958678,NA,NA,2021,Q2
2021Q3,NA,S92000003,d,S92000003,d,Elective Inpatients,NA,Female,20-29 years,415,874,2.10602409638554,NA,417,1144,2.74340527577938,NA,NA,2021,Q3
2021Q4,NA,S92000003,d,S92000003,d,Elective Inpatients,NA,Female,20-29 years,391,857,2.19181585677749,NA,393,1094,2.78371501272265,NA,NA,2021,Q4
2022Q1,NA,S92000003,d,S92000003,d,Elective Inpatients,NA,Female,20-29 years,356,789,2.21629213483146,NA,362,1018,2.8121546961326,NA,NA,2022,Q1
2022Q2,NA,S92000003,d,S92000003,d,Elective Inpatients,NA,Female,20-29 years,383,979,2.55613577023499,NA,389,1212,3.11568123393316,NA,NA,2022,Q2
2022Q3,NA,S92000003,d,S92000003,d,Elective Inpatients,NA,Female,20-29 years,468,860,1.83760683760684,NA,469,1216,2.59275053304904,NA,NA,2022,Q3
2022Q4,p,S92000003,d,S92000003,d,Elective Inpatients,NA,Female,20-29 years,388,813,2.09536082474227,NA,390,1001,2.56666666666667,NA,NA,2022,Q4
2017Q4,NA,S92000003,d,S92000003,d,Elective Inpatients,NA,Female,30-39 years,1061,2103,1.98209236569274,NA,1082,3146,2.90757855822551,NA,NA,2017,Q4
2018Q1,NA,S92000003,d,S92000003,d,Elective Inpatients,NA,Female,30-39 years,1023,1796,1.75562072336266,NA,1025,2339,2.2819512195122,NA,NA,2018,Q1
2018Q2,NA,S92000003,d,S92000003,d,Elective Inpatients,NA,Female,30-39 years,1162,2400,2.06540447504303,NA,1172,3004,2.56313993174061,NA,NA,2018,Q2
2018Q3,NA,S92000003,d,S92000003,d,Elective Inpatients,NA,Female,30-39 years,1016,2331,2.29429133858268,NA,1023,2936,2.86999022482893,NA,NA,2018,Q3
2018Q4,NA,S92000003,d,S92000003,d,Elective Inpatients,NA,Female,30-39 years,1057,2091,1.97824030274361,NA,1063,2928,2.75446848541863,NA,NA,2018,Q4
2019Q1,NA,S92000003,d,S92000003,d,Elective Inpatients,NA,Female,30-39 years,1073,2634,2.45479962721342,NA,1088,3171,2.91452205882353,NA,NA,2019,Q1
2019Q2,NA,S92000003,d,S92000003,d,Elective Inpatients,NA,Female,30-39 years,1048,1806,1.72328244274809,NA,1065,2757,2.5887323943662,NA,NA,2019,Q2
2019Q3,NA,S92000003,d,S92000003,d,Elective Inpatients,NA,Female,30-39 years,1048,2303,2.19751908396947,NA,1068,2939,2.75187265917603,NA,NA,2019,Q3
2019Q4,NA,S92000003,d,S92000003,d,Elective Inpatients,NA,Female,30-39 years,948,2498,2.63502109704641,NA,975,3237,3.32,NA,NA,2019,Q4
2020Q1,NA,S92000003,d,S92000003,d,Elective Inpatients,NA,Female,30-39 years,892,1712,1.91928251121076,NA,911,2189,2.40285400658617,NA,NA,2020,Q1
2020Q2,NA,S92000003,d,S92000003,d,Elective Inpatients,NA,Female,30-39 years,353,688,1.94900849858357,NA,351,1021,2.90883190883191,NA,NA,2020,Q2
2020Q3,NA,S92000003,d,S92000003,d,Elective Inpatients,NA,Female,30-39 years,666,1361,2.04354354354354,NA,668,1935,2.89670658682635,NA,NA,2020,Q3
2020Q4,NA,S92000003,d,S92000003,d,Elective Inpatients,NA,Female,30-39 years,762,1392,1.82677165354331,NA,783,2029,2.59131545338442,NA,NA,2020,Q4
2021Q1,NA,S92000003,d,S92000003,d,Elective Inpatients,NA,Female,30-39 years,638,1167,1.82915360501567,NA,634,1326,2.09148264984227,NA,NA,2021,Q1
2021Q2,NA,S92000003,d,S92000003,d,Elective Inpatients,NA,Female,30-39 years,797,1393,1.74780426599749,NA,806,1925,2.38833746898263,NA,NA,2021,Q2
2021Q3,NA,S92000003,d,S92000003,d,Elective Inpatients,NA,Female,30-39 years,647,1383,2.13755795981453,NA,656,1801,2.74542682926829,NA,NA,2021,Q3
2021Q4,NA,S92000003,d,S92000003,d,Elective Inpatients,NA,Female,30-39 years,583,1380,2.36706689536878,NA,596,2134,3.58053691275168,NA,NA,2021,Q4
2022Q1,NA,S92000003,d,S92000003,d,Elective Inpatients,NA,Female,30-39 years,546,1031,1.88827838827839,NA,543,1370,2.52302025782689,NA,NA,2022,Q1
2022Q2,NA,S92000003,d,S92000003,d,Elective Inpatients,NA,Female,30-39 years,625,1321,2.1136,NA,635,1806,2.84409448818898,NA,NA,2022,Q2
2022Q3,NA,S92000003,d,S92000003,d,Elective Inpatients,NA,Female,30-39 years,716,1414,1.97486033519553,NA,721,2129,2.95284327323162,NA,NA,2022,Q3
2022Q4,p,S92000003,d,S92000003,d,Elective Inpatients,NA,Female,30-39 years,738,1447,1.96070460704607,NA,750,2124,2.832,NA,NA,2022,Q4
2017Q4,NA,S92000003,d,S92000003,d,Elective Inpatients,NA,Female,40-49 years,1666,3705,2.22388955582233,NA,1667,4813,2.8872225554889,NA,NA,2017,Q4
2018Q1,NA,S92000003,d,S92000003,d,Elective Inpatients,NA,Female,40-49 years,1575,3600,2.28571428571429,NA,1570,5361,3.41464968152866,NA,NA,2018,Q1
2018Q2,NA,S92000003,d,S92000003,d,Elective Inpatients,NA,Female,40-49 years,1619,3500,2.16182828906733,NA,1629,4643,2.8502148557397202,NA,NA,2018,Q2
2018Q3,NA,S92000003,d,S92000003,d,Elective Inpatients,NA,Female,40-49 years,1598,3547,2.21964956195244,NA,1619,4742,2.9289684990735,NA,NA,2018,Q3
2018Q4,NA,S92000003,d,S92000003,d,Elective Inpatients,NA,Female,40-49 years,1563,3234,2.06909788867562,NA,1579,4687,2.9683343888537,NA,NA,2018,Q4
2019Q1,NA,S92000003,d,S92000003,d,Elective Inpatients,NA,Female,40-49 years,1511,2946,1.94970218398412,NA,1525,4590,3.00983606557377,NA,NA,2019,Q1
2019Q2,NA,S92000003,d,S92000003,d,Elective Inpatients,NA,Female,40-49 years,1544,3862,2.50129533678756,NA,1570,4565,2.90764331210191,NA,NA,2019,Q2
2019Q3,NA,S92000003,d,S92000003,d,Elective Inpatients,NA,Female,40-49 years,1477,3528,2.38862559241706,NA,1496,5108,3.4144385026738,NA,NA,2019,Q3
2019Q4,NA,S92000003,d,S92000003,d,Elective Inpatients,NA,Female,40-49 years,1442,3633,2.51941747572816,NA,1458,4577,3.13923182441701,NA,NA,2019,Q4
2020Q1,NA,S92000003,d,S92000003,d,Elective Inpatients,NA,Female,40-49 years,1340,2870,2.14179104477612,NA,1357,3986,2.9373618275608,NA,NA,2020,Q1
2020Q2,NA,S92000003,d,S92000003,d,Elective Inpatients,NA,Female,40-49 years,553,1100,1.98915009041591,NA,552,1395,2.52717391304348,NA,NA,2020,Q2
2020Q3,NA,S92000003,d,S92000003,d,Elective Inpatients,NA,Female,40-49 years,939,2168,2.30883919062833,NA,945,2814,2.97777777777778,NA,NA,2020,Q3
2020Q4,NA,S92000003,d,S92000003,d,Elective Inpatients,NA,Female,40-49 years,999,2113,2.11511511511512,NA,1016,3047,2.9990157480315,NA,NA,2020,Q4
2021Q1,NA,S92000003,d,S92000003,d,Elective Inpatients,NA,Female,40-49 years,846,2499,2.95390070921986,NA,856,3273,3.82359813084112,NA,NA,2021,Q1
2021Q2,NA,S92000003,d,S92000003,d,Elective Inpatients,NA,Female,40-49 years,1107,2132,1.92592592592593,NA,1122,2861,2.54991087344029,NA,NA,2021,Q2
2021Q3,NA,S92000003,d,S92000003,d,Elective Inpatients,NA,Female,40-49 years,963,2321,2.41017653167186,NA,967,2619,2.70837642192347,NA,NA,2021,Q3
2021Q4,NA,S92000003,d,S92000003,d,Elective Inpatients,NA,Female,40-49 years,865,2042,2.3606936416185,NA,879,2785,3.1683731513083,NA,NA,2021,Q4
2022Q1,NA,S92000003,d,S92000003,d,Elective Inpatients,NA,Female,40-49 years,813,1744,2.14514145141451,NA,828,2417,2.91908212560386,NA,NA,2022,Q1
2022Q2,NA,S92000003,d,S92000003,d,Elective Inpatients,NA,Female,40-49 years,891,2072,2.32547699214366,NA,889,2557,2.87626546681665,NA,NA,2022,Q2
2022Q3,NA,S92000003,d,S92000003,d,Elective Inpatients,NA,Female,40-49 years,1011,2285,2.26013847675569,NA,1015,2989,2.9448275862069,NA,NA,2022,Q3
2022Q4,p,S92000003,d,S92000003,d,Elective Inpatients,NA,Female,40-49 years,1082,2251,2.08040665434381,NA,1096,3383,3.08667883211679,NA,NA,2022,Q4
2017Q4,NA,S92000003,d,S92000003,d,Elective Inpatients,NA,Female,50-59 years,3011,7924,2.63168382597144,NA,3035,10815,3.56342668863262,NA,NA,2017,Q4
2018Q1,NA,S92000003,d,S92000003,d,Elective Inpatients,NA,Female,50-59 years,2800,7349,2.62464285714286,NA,2790,9789,3.50860215053763,NA,NA,2018,Q1
2018Q2,NA,S92000003,d,S92000003,d,Elective Inpatients,NA,Female,50-59 years,2973,7637,2.56878573831147,NA,2990,10295,3.44314381270903,NA,NA,2018,Q2
2018Q3,NA,S92000003,d,S92000003,d,Elective Inpatients,NA,Female,50-59 years,2797,7280,2.60278870218091,NA,2848,10418,3.65800561797753,NA,NA,2018,Q3
2018Q4,NA,S92000003,d,S92000003,d,Elective Inpatients,NA,Female,50-59 years,2834,7494,2.64431898376853,NA,2860,10448,3.65314685314685,NA,NA,2018,Q4
2019Q1,NA,S92000003,d,S92000003,d,Elective Inpatients,NA,Female,50-59 years,2804,6631,2.36483594864479,NA,2824,8679,3.07330028328612,NA,NA,2019,Q1
2019Q2,NA,S92000003,d,S92000003,d,Elective Inpatients,NA,Female,50-59 years,2846,6723,2.36226282501757,NA,2886,9364,3.24462924462924,NA,NA,2019,Q2
2019Q3,NA,S92000003,d,S92000003,d,Elective Inpatients,NA,Female,50-59 years,2710,6640,2.45018450184502,NA,2743,8951,3.26321545752825,NA,NA,2019,Q3
2019Q4,NA,S92000003,d,S92000003,d,Elective Inpatients,NA,Female,50-59 years,2706,6140,2.2690317812269,NA,2738,8195,2.99306062819576,NA,NA,2019,Q4
2020Q1,NA,S92000003,d,S92000003,d,Elective Inpatients,NA,Female,50-59 years,2495,6032,2.41763527054108,NA,2524,8688,3.44215530903328,NA,NA,2020,Q1
2020Q2,NA,S92000003,d,S92000003,d,Elective Inpatients,NA,Female,50-59 years,847,2129,2.51357733175915,NA,848,3599,4.24410377358491,NA,NA,2020,Q2
2020Q3,NA,S92000003,d,S92000003,d,Elective Inpatients,NA,Female,50-59 years,1598,3805,2.3811013767209,NA,1603,5642,3.51965065502183,NA,NA,2020,Q3
2020Q4,NA,S92000003,d,S92000003,d,Elective Inpatients,NA,Female,50-59 years,1909,4958,2.59717129387114,NA,1959,6849,3.49617151607963,NA,NA,2020,Q4
2021Q1,NA,S92000003,d,S92000003,d,Elective Inpatients,NA,Female,50-59 years,1553,3911,2.51835157759176,NA,1558,5135,3.29589216944801,NA,NA,2021,Q1
2021Q2,NA,S92000003,d,S92000003,d,Elective Inpatients,NA,Female,50-59 years,2069,5331,2.57660705654906,NA,2093,7326,3.50023889154324,NA,NA,2021,Q2
2021Q3,NA,S92000003,d,S92000003,d,Elective Inpatients,NA,Female,50-59 years,1783,4847,2.71845204711161,NA,1806,6776,3.75193798449612,NA,NA,2021,Q3
2021Q4,NA,S92000003,d,S92000003,d,Elective Inpatients,NA,Female,50-59 years,1646,4450,2.70352369380316,NA,1670,6279,3.75988023952096,NA,NA,2021,Q4
2022Q1,NA,S92000003,d,S92000003,d,Elective Inpatients,NA,Female,50-59 years,1608,3614,2.24751243781095,NA,1613,5461,3.38561686298822,NA,NA,2022,Q1
2022Q2,NA,S92000003,d,S92000003,d,Elective Inpatients,NA,Female,50-59 years,1764,3939,2.23299319727891,NA,1795,5621,3.13147632311978,NA,NA,2022,Q2
2022Q3,NA,S92000003,d,S92000003,d,Elective Inpatients,NA,Female,50-59 years,1943,5579,2.87133299022131,NA,1958,7376,3.76710929519918,NA,NA,2022,Q3
2022Q4,p,S92000003,d,S92000003,d,Elective Inpatients,NA,Female,50-59 years,2078,5105,2.45668912415784,NA,2106,7067,3.35565052231719,NA,NA,2022,Q4
2017Q4,NA,S92000003,d,S92000003,d,Elective Inpatients,NA,Female,60-69 years,3486,9892,2.83763625932301,NA,3494,13412,3.83858042358329,NA,NA,2017,Q4
2018Q1,NA,S92000003,d,S92000003,d,Elective Inpatients,NA,Female,60-69 years,3187,9017,2.82930655789143,NA,3183,12354,3.88124410933082,NA,NA,2018,Q1
2018Q2,NA,S92000003,d,S92000003,d,Elective Inpatients,NA,Female,60-69 years,3488,9630,2.76089449541284,NA,3475,13452,3.87107913669065,NA,NA,2018,Q2
2018Q3,NA,S92000003,d,S92000003,d,Elective Inpatients,NA,Female,60-69 years,3350,9084,2.71164179104478,NA,3395,12866,3.78969072164948,NA,NA,2018,Q3
2018Q4,NA,S92000003,d,S92000003,d,Elective Inpatients,NA,Female,60-69 years,3356,8958,2.66924910607867,NA,3404,13964,4.10223266745006,NA,NA,2018,Q4
2019Q1,NA,S92000003,d,S92000003,d,Elective Inpatients,NA,Female,60-69 years,3304,9025,2.73153753026634,NA,3298,11450,3.47180109157065,NA,NA,2019,Q1
2019Q2,NA,S92000003,d,S92000003,d,Elective Inpatients,NA,Female,60-69 years,3401,8968,2.63687150837989,NA,3424,12387,3.61769859813084,NA,NA,2019,Q2
2019Q3,NA,S92000003,d,S92000003,d,Elective Inpatients,NA,Female,60-69 years,3331,9173,2.75382767937556,NA,3355,13004,3.87600596125186,NA,NA,2019,Q3
2019Q4,NA,S92000003,d,S92000003,d,Elective Inpatients,NA,Female,60-69 years,3301,8459,2.5625568009694,NA,3352,12311,3.67273269689737,NA,NA,2019,Q4
2020Q1,NA,S92000003,d,S92000003,d,Elective Inpatients,NA,Female,60-69 years,2989,7436,2.48778855804617,NA,3025,10755,3.55537190082645,NA,NA,2020,Q1
2020Q2,NA,S92000003,d,S92000003,d,Elective Inpatients,NA,Female,60-69 years,1120,3183,2.84196428571429,NA,1121,5372,4.7921498661909,NA,NA,2020,Q2
2020Q3,NA,S92000003,d,S92000003,d,Elective Inpatients,NA,Female,60-69 years,1944,5018,2.58127572016461,NA,1984,7856,3.95967741935484,NA,NA,2020,Q3
2020Q4,NA,S92000003,d,S92000003,d,Elective Inpatients,NA,Female,60-69 years,2300,5855,2.54565217391304,NA,2345,8272,3.5275053304904,NA,NA,2020,Q4
2021Q1,NA,S92000003,d,S92000003,d,Elective Inpatients,NA,Female,60-69 years,1860,5131,2.75860215053763,NA,1879,7471,3.97605109100585,NA,NA,2021,Q1
2021Q2,NA,S92000003,d,S92000003,d,Elective Inpatients,NA,Female,60-69 years,2507,6495,2.59074591144795,NA,2524,9054,3.58716323296355,NA,NA,2021,Q2
2021Q3,NA,S92000003,d,S92000003,d,Elective Inpatients,NA,Female,60-69 years,2395,7478,3.1223382045929,NA,2414,10043,4.16031483015742,NA,NA,2021,Q3
2021Q4,NA,S92000003,d,S92000003,d,Elective Inpatients,NA,Female,60-69 years,2135,6066,2.84121779859485,NA,2172,9375,4.31629834254144,NA,NA,2021,Q4
2022Q1,NA,S92000003,d,S92000003,d,Elective Inpatients,NA,Female,60-69 years,2097,5354,2.55317119694802,NA,2114,7801,3.69016083254494,NA,NA,2022,Q1
2022Q2,NA,S92000003,d,S92000003,d,Elective Inpatients,NA,Female,60-69 years,2407,6111,2.53884503531367,NA,2425,9307,3.8379381443299,NA,NA,2022,Q2
2022Q3,NA,S92000003,d,S92000003,d,Elective Inpatients,NA,Female,60-69 years,2619,6505,2.48377243222604,NA,2653,9336,3.51903505465511,NA,NA,2022,Q3
2022Q4,p,S92000003,d,S92000003,d,Elective Inpatients,NA,Female,60-69 years,2672,7432,2.7814371257485,NA,2717,10254,3.77401545822598,NA,NA,2022,Q4
2017Q4,NA,S92000003,d,S92000003,d,Elective Inpatients,NA,Female,70-79 years,3261,10831,3.3213738117142,NA,3294,16677,5.06284153005465,NA,NA,2017,Q4
2018Q1,NA,S92000003,d,S92000003,d,Elective Inpatients,NA,Female,70-79 years,2882,9189,3.18841082581541,NA,2888,13562,4.69598337950139,NA,NA,2018,Q1
2018Q2,NA,S92000003,d,S92000003,d,Elective Inpatients,NA,Female,70-79 years,3437,10749,3.12743671806808,NA,3413,14487,4.24465279812482,NA,NA,2018,Q2
2018Q3,NA,S92000003,d,S92000003,d,Elective Inpatients,NA,Female,70-79 years,3203,9881,3.08492038713706,NA,3231,14233,4.40513772825751,NA,NA,2018,Q3
2018Q4,NA,S92000003,d,S92000003,d,Elective Inpatients,NA,Female,70-79 years,3310,9645,2.91389728096677,NA,3364,14854,4.41557669441142,NA,NA,2018,Q4
2019Q1,NA,S92000003,d,S92000003,d,Elective Inpatients,NA,Female,70-79 years,3232,9766,3.02165841584158,NA,3231,12734,3.94119467657072,NA,NA,2019,Q1
2019Q2,NA,S92000003,d,S92000003,d,Elective Inpatients,NA,Female,70-79 years,3256,9457,2.90448402948403,NA,3264,14202,4.35110294117647,NA,NA,2019,Q2
2019Q3,NA,S92000003,d,S92000003,d,Elective Inpatients,NA,Female,70-79 years,3270,9727,2.97461773700306,NA,3283,14153,4.31099604020713,NA,NA,2019,Q3
2019Q4,NA,S92000003,d,S92000003,d,Elective Inpatients,NA,Female,70-79 years,3350,9548,2.85014925373134,NA,3366,14233,4.22846108140226,NA,NA,2019,Q4
2020Q1,NA,S92000003,d,S92000003,d,Elective Inpatients,NA,Female,70-79 years,2823,8339,2.95394969890188,NA,2869,12624,4.40013942140119,NA,NA,2020,Q1
2020Q2,NA,S92000003,d,S92000003,d,Elective Inpatients,NA,Female,70-79 years,937,3050,3.25506937033084,NA,919,5176,5.63220892274211,NA,NA,2020,Q2
2020Q3,NA,S92000003,d,S92000003,d,Elective Inpatients,NA,Female,70-79 years,1827,5023,2.74931581828134,NA,1857,7909,4.25901992460959,NA,NA,2020,Q3
2020Q4,NA,S92000003,d,S92000003,d,Elective Inpatients,NA,Female,70-79 years,2131,6332,2.97137494134209,NA,2184,9773,4.47481684981685,NA,NA,2020,Q4
2021Q1,NA,S92000003,d,S92000003,d,Elective Inpatients,NA,Female,70-79 years,1618,4836,2.98887515451174,NA,1636,7734,4.72738386308068,NA,NA,2021,Q1
2021Q2,NA,S92000003,d,S92000003,d,Elective Inpatients,NA,Female,70-79 years,2426,6983,2.87840065952185,NA,2438,9703,3.97990155865463,NA,NA,2021,Q2
2021Q3,NA,S92000003,d,S92000003,d,Elective Inpatients,NA,Female,70-79 years,2222,6872,3.09270927092709,NA,2253,10253,4.55082112738571,NA,NA,2021,Q3
2021Q4,NA,S92000003,d,S92000003,d,Elective Inpatients,NA,Female,70-79 years,2020,5360,2.65346534653465,NA,2061,8945,4.34012615235323,NA,NA,2021,Q4
2022Q1,NA,S92000003,d,S92000003,d,Elective Inpatients,NA,Female,70-79 years,1958,5560,2.83963227783453,NA,1963,8259,4.20733571064697,NA,NA,2022,Q1
2022Q2,NA,S92000003,d,S92000003,d,Elective Inpatients,NA,Female,70-79 years,2274,6334,2.7854001759015,NA,2277,9050,3.97452788757137,NA,NA,2022,Q2
2022Q3,NA,S92000003,d,S92000003,d,Elective Inpatients,NA,Female,70-79 years,2501,7228,2.89004398240704,NA,2549,10968,4.3028638681836,NA,NA,2022,Q3
2022Q4,p,S92000003,d,S92000003,d,Elective Inpatients,NA,Female,70-79 years,2487,6851,2.75472456775231,NA,2521,10697,4.24315747719159,NA,NA,2022,Q4
2017Q4,NA,S92000003,d,S92000003,d,Elective Inpatients,NA,Female,80-89 years,1432,5683,3.96857541899441,NA,1441,8647,6.00069396252602,NA,NA,2017,Q4
2018Q1,NA,S92000003,d,S92000003,d,Elective Inpatients,NA,Female,80-89 years,1301,4334,3.33128362797848,NA,1297,7235,5.57825751734773,NA,NA,2018,Q1
2018Q2,NA,S92000003,d,S92000003,d,Elective Inpatients,NA,Female,80-89 years,1427,5826,4.08269096005606,NA,1422,7829,5.5056258790436,NA,NA,2018,Q2
2018Q3,NA,S92000003,d,S92000003,d,Elective Inpatients,NA,Female,80-89 years,1339,4553,3.40029873039582,NA,1370,6422,4.68759124087591,NA,NA,2018,Q3
2018Q4,NA,S92000003,d,S92000003,d,Elective Inpatients,NA,Female,80-89 years,1415,4806,3.39646643109541,NA,1418,6847,4.82863187588152,NA,NA,2018,Q4
2019Q1,NA,S92000003,d,S92000003,d,Elective Inpatients,NA,Female,80-89 years,1300,4190,3.22307692307692,NA,1312,6169,4.70198170731707,NA,NA,2019,Q1
2019Q2,NA,S92000003,d,S92000003,d,Elective Inpatients,NA,Female,80-89 years,1369,4861,3.55076698319942,NA,1380,6923,5.01666666666667,NA,NA,2019,Q2
2019Q3,NA,S92000003,d,S92000003,d,Elective Inpatients,NA,Female,80-89 years,1392,5006,3.59626436781609,NA,1395,7178,5.14551971326165,NA,NA,2019,Q3
2019Q4,NA,S92000003,d,S92000003,d,Elective Inpatients,NA,Female,80-89 years,1394,4692,3.36585365853659,NA,1422,6715,4.72222222222222,NA,NA,2019,Q4
2020Q1,NA,S92000003,d,S92000003,d,Elective Inpatients,NA,Female,80-89 years,1222,4510,3.69067103109656,NA,1223,6512,5.32461161079313,NA,NA,2020,Q1
2020Q2,NA,S92000003,d,S92000003,d,Elective Inpatients,NA,Female,80-89 years,426,1931,4.53286384976526,NA,421,2859,6.79097387173397,NA,NA,2020,Q2
2020Q3,NA,S92000003,d,S92000003,d,Elective Inpatients,NA,Female,80-89 years,797,3271,4.10414052697616,NA,805,4511,5.60372670807453,NA,NA,2020,Q3
2020Q4,NA,S92000003,d,S92000003,d,Elective Inpatients,NA,Female,80-89 years,922,3283,3.56073752711497,NA,947,4681,4.94297782470961,NA,NA,2020,Q4
2021Q1,NA,S92000003,d,S92000003,d,Elective Inpatients,NA,Female,80-89 years,739,2507,3.39242219215156,NA,733,3854,5.25784447476125,NA,NA,2021,Q1
2021Q2,NA,S92000003,d,S92000003,d,Elective Inpatients,NA,Female,80-89 years,1066,3897,3.65572232645403,NA,1080,6436,5.95925925925926,NA,NA,2021,Q2
2021Q3,NA,S92000003,d,S92000003,d,Elective Inpatients,NA,Female,80-89 years,926,3049,3.292656587473,NA,934,4339,4.64561027837259,NA,NA,2021,Q3
2021Q4,NA,S92000003,d,S92000003,d,Elective Inpatients,NA,Female,80-89 years,889,3249,3.65466816647919,NA,922,4574,4.96095444685466,NA,NA,2021,Q4
2022Q1,NA,S92000003,d,S92000003,d,Elective Inpatients,NA,Female,80-89 years,829,2491,3.00482509047045,NA,833,3908,4.69147659063625,NA,NA,2022,Q1
2022Q2,NA,S92000003,d,S92000003,d,Elective Inpatients,NA,Female,80-89 years,978,3245,3.31799591002045,NA,995,4613,4.63618090452261,NA,NA,2022,Q2
2022Q3,NA,S92000003,d,S92000003,d,Elective Inpatients,NA,Female,80-89 years,1035,3388,3.27342995169082,NA,1042,5361,5.14491362763916,NA,NA,2022,Q3
2022Q4,p,S92000003,d,S92000003,d,Elective Inpatients,NA,Female,80-89 years,1029,3814,3.70651117589893,NA,1051,6339,6.0313986679353,NA,NA,2022,Q4
2017Q4,NA,S92000003,d,S92000003,d,Elective Inpatients,NA,Female,90 years and over,129,462,3.58139534883721,NA,128,645,5.0390625,NA,NA,2017,Q4
2018Q1,NA,S92000003,d,S92000003,d,Elective Inpatients,NA,Female,90 years and over,126,484,3.84126984126984,NA,121,546,4.51239669421488,NA,NA,2018,Q1
2018Q2,NA,S92000003,d,S92000003,d,Elective Inpatients,NA,Female,90 years and over,131,505,3.85496183206107,NA,129,966,7.48837209302326,NA,NA,2018,Q2
2018Q3,NA,S92000003,d,S92000003,d,Elective Inpatients,NA,Female,90 years and over,119,364,3.05882352941176,NA,120,854,7.11666666666667,NA,NA,2018,Q3
2018Q4,NA,S92000003,d,S92000003,d,Elective Inpatients,NA,Female,90 years and over,132,663,5.02272727272727,NA,133,984,7.3984962406015,NA,NA,2018,Q4
2019Q1,NA,S92000003,d,S92000003,d,Elective Inpatients,NA,Female,90 years and over,142,692,4.87323943661972,NA,134,708,5.28358208955224,NA,NA,2019,Q1
2019Q2,NA,S92000003,d,S92000003,d,Elective Inpatients,NA,Female,90 years and over,139,415,2.98561151079137,NA,139,1013,7.28776978417266,NA,NA,2019,Q2
2019Q3,NA,S92000003,d,S92000003,d,Elective Inpatients,NA,Female,90 years and over,162,616,3.80246913580247,NA,165,1015,6.15151515151515,NA,NA,2019,Q3
2019Q4,NA,S92000003,d,S92000003,d,Elective Inpatients,NA,Female,90 years and over,132,495,3.75,NA,134,738,5.50746268656716,NA,NA,2019,Q4
2020Q1,NA,S92000003,d,S92000003,d,Elective Inpatients,NA,Female,90 years and over,114,505,4.42982456140351,NA,112,780,6.96428571428571,NA,NA,2020,Q1
2020Q2,NA,S92000003,d,S92000003,d,Elective Inpatients,NA,Female,90 years and over,59,286,4.84745762711864,NA,57,466,8.17543859649123,NA,NA,2020,Q2
2020Q3,NA,S92000003,d,S92000003,d,Elective Inpatients,NA,Female,90 years and over,83,413,4.97590361445783,NA,80,627,7.8375,NA,NA,2020,Q3
2020Q4,NA,S92000003,d,S92000003,d,Elective Inpatients,NA,Female,90 years and over,105,570,5.42857142857143,NA,109,900,8.25688073394495,NA,NA,2020,Q4
2021Q1,NA,S92000003,d,S92000003,d,Elective Inpatients,NA,Female,90 years and over,65,236,3.63076923076923,NA,67,398,5.94029850746269,NA,NA,2021,Q1
2021Q2,NA,S92000003,d,S92000003,d,Elective Inpatients,NA,Female,90 years and over,107,325,3.03738317757009,NA,102,347,3.40196078431373,NA,NA,2021,Q2
2021Q3,NA,S92000003,d,S92000003,d,Elective Inpatients,NA,Female,90 years and over,99,595,6.01010101010101,NA,101,776,7.68316831683168,NA,NA,2021,Q3
2021Q4,NA,S92000003,d,S92000003,d,Elective Inpatients,NA,Female,90 years and over,96,436,4.54166666666667,NA,95,530,5.57894736842105,NA,NA,2021,Q4
2022Q1,NA,S92000003,d,S92000003,d,Elective Inpatients,NA,Female,90 years and over,86,354,4.11627906976744,NA,89,571,6.41573033707865,NA,NA,2022,Q1
2022Q2,NA,S92000003,d,S92000003,d,Elective Inpatients,NA,Female,90 years and over,117,478,4.08547008547009,NA,115,506,4.4,NA,NA,2022,Q2
2022Q3,NA,S92000003,d,S92000003,d,Elective Inpatients,NA,Female,90 years and over,103,488,4.7378640776699,NA,97,698,7.19587628865979,NA,NA,2022,Q3
2022Q4,p,S92000003,d,S92000003,d,Elective Inpatients,NA,Female,90 years and over,92,373,4.05434782608696,NA,95,641,6.74736842105263,NA,NA,2022,Q4
2017Q4,NA,S92000003,d,S92000003,d,Elective Inpatients,NA,Male,0-9 years,867,1682,1.94002306805075,NA,881,2093,2.37570942111237,NA,NA,2017,Q4
2018Q1,NA,S92000003,d,S92000003,d,Elective Inpatients,NA,Male,0-9 years,964,1703,1.76659751037344,NA,977,2070,2.11873080859775,NA,NA,2018,Q1
2018Q2,NA,S92000003,d,S92000003,d,Elective Inpatients,NA,Male,0-9 years,963,1770,1.8380062305296,NA,962,2194,2.28066528066528,NA,NA,2018,Q2
2018Q3,NA,S92000003,d,S92000003,d,Elective Inpatients,NA,Male,0-9 years,902,1883,2.08758314855876,NA,918,2349,2.55882352941176,NA,NA,2018,Q3
2018Q4,NA,S92000003,d,S92000003,d,Elective Inpatients,NA,Male,0-9 years,739,1490,2.01623815967524,NA,744,1842,2.4758064516129,NA,NA,2018,Q4
2019Q1,NA,S92000003,d,S92000003,d,Elective Inpatients,NA,Male,0-9 years,839,1693,2.01787842669845,NA,835,2456,2.94131736526946,NA,NA,2019,Q1
2019Q2,NA,S92000003,d,S92000003,d,Elective Inpatients,NA,Male,0-9 years,845,1576,1.86508875739645,NA,852,2083,2.44483568075117,NA,NA,2019,Q2
2019Q3,NA,S92000003,d,S92000003,d,Elective Inpatients,NA,Male,0-9 years,830,1447,1.7433734939759,NA,847,1890,2.23140495867769,NA,NA,2019,Q3
2019Q4,NA,S92000003,d,S92000003,d,Elective Inpatients,NA,Male,0-9 years,781,1089,1.3943661971831,NA,795,1582,1.98993710691824,NA,NA,2019,Q4
2020Q1,NA,S92000003,d,S92000003,d,Elective Inpatients,NA,Male,0-9 years,767,956,1.24641460234681,NA,777,1116,1.43629343629344,NA,NA,2020,Q1
2020Q2,NA,S92000003,d,S92000003,d,Elective Inpatients,NA,Male,0-9 years,285,721,2.52982456140351,NA,283,1002,3.54063604240283,NA,NA,2020,Q2
2020Q3,NA,S92000003,d,S92000003,d,Elective Inpatients,NA,Male,0-9 years,484,928,1.91735537190083,NA,483,1177,2.43685300207039,NA,NA,2020,Q3
2020Q4,NA,S92000003,d,S92000003,d,Elective Inpatients,NA,Male,0-9 years,633,914,1.44391785150079,NA,637,1153,1.81004709576138,NA,NA,2020,Q4
2021Q1,NA,S92000003,d,S92000003,d,Elective Inpatients,NA,Male,0-9 years,584,907,1.55308219178082,NA,589,1400,2.37691001697793,NA,NA,2021,Q1
2021Q2,NA,S92000003,d,S92000003,d,Elective Inpatients,NA,Male,0-9 years,582,942,1.61855670103093,NA,589,1149,1.95076400679117,NA,NA,2021,Q2
2021Q3,NA,S92000003,d,S92000003,d,Elective Inpatients,NA,Male,0-9 years,519,801,1.54335260115607,NA,527,1031,1.95635673624288,NA,NA,2021,Q3
2021Q4,NA,S92000003,d,S92000003,d,Elective Inpatients,NA,Male,0-9 years,416,863,2.07451923076923,NA,419,1059,2.52744630071599,NA,NA,2021,Q4
2022Q1,NA,S92000003,d,S92000003,d,Elective Inpatients,NA,Male,0-9 years,545,812,1.48990825688073,NA,550,1358,2.46909090909091,NA,NA,2022,Q1
2022Q2,NA,S92000003,d,S92000003,d,Elective Inpatients,NA,Male,0-9 years,482,993,2.06016597510373,NA,491,1258,2.56211812627291,NA,NA,2022,Q2
2022Q3,NA,S92000003,d,S92000003,d,Elective Inpatients,NA,Male,0-9 years,579,1170,2.02072538860104,NA,589,1310,2.22410865874363,NA,NA,2022,Q3
2022Q4,p,S92000003,d,S92000003,d,Elective Inpatients,NA,Male,0-9 years,551,719,1.3049001814882,NA,574,1101,1.91811846689895,NA,NA,2022,Q4
2017Q4,NA,S92000003,d,S92000003,d,Elective Inpatients,NA,Male,10-19 years,735,1588,2.16054421768707,NA,740,1883,2.54459459459459,NA,NA,2017,Q4
2018Q1,NA,S92000003,d,S92000003,d,Elective Inpatients,NA,Male,10-19 years,693,1359,1.96103896103896,NA,697,2001,2.87087517934003,NA,NA,2018,Q1
2018Q2,NA,S92000003,d,S92000003,d,Elective Inpatients,NA,Male,10-19 years,698,1484,2.12607449856734,NA,707,1565,2.21357850070721,NA,NA,2018,Q2
2018Q3,NA,S92000003,d,S92000003,d,Elective Inpatients,NA,Male,10-19 years,634,1364,2.15141955835962,NA,634,1792,2.82649842271293,NA,NA,2018,Q3
2018Q4,NA,S92000003,d,S92000003,d,Elective Inpatients,NA,Male,10-19 years,617,1376,2.23014586709887,NA,628,1887,3.00477707006369,NA,NA,2018,Q4
2019Q1,NA,S92000003,d,S92000003,d,Elective Inpatients,NA,Male,10-19 years,576,1244,2.15972222222222,NA,569,1280,2.24956063268893,NA,NA,2019,Q1
2019Q2,NA,S92000003,d,S92000003,d,Elective Inpatients,NA,Male,10-19 years,601,1439,2.39434276206323,NA,598,1730,2.89297658862876,NA,NA,2019,Q2
2019Q3,NA,S92000003,d,S92000003,d,Elective Inpatients,NA,Male,10-19 years,594,1142,1.92255892255892,NA,605,1696,2.80330578512397,NA,NA,2019,Q3
2019Q4,NA,S92000003,d,S92000003,d,Elective Inpatients,NA,Male,10-19 years,607,1297,2.13673805601318,NA,615,1761,2.86341463414634,NA,NA,2019,Q4
2020Q1,NA,S92000003,d,S92000003,d,Elective Inpatients,NA,Male,10-19 years,660,1498,2.26969696969697,NA,667,1737,2.60419790104948,NA,NA,2020,Q1
2020Q2,NA,S92000003,d,S92000003,d,Elective Inpatients,NA,Male,10-19 years,208,394,1.89423076923077,NA,207,591,2.85507246376812,NA,NA,2020,Q2
2020Q3,NA,S92000003,d,S92000003,d,Elective Inpatients,NA,Male,10-19 years,386,805,2.08549222797927,NA,389,1280,3.29048843187661,NA,NA,2020,Q3
2020Q4,NA,S92000003,d,S92000003,d,Elective Inpatients,NA,Male,10-19 years,494,924,1.87044534412955,NA,494,1122,2.27125506072874,NA,NA,2020,Q4
2021Q1,NA,S92000003,d,S92000003,d,Elective Inpatients,NA,Male,10-19 years,399,786,1.96992481203008,NA,403,1003,2.48883374689826,NA,NA,2021,Q1
2021Q2,NA,S92000003,d,S92000003,d,Elective Inpatients,NA,Male,10-19 years,472,839,1.77754237288136,NA,474,1101,2.32278481012658,NA,NA,2021,Q2
2021Q3,NA,S92000003,d,S92000003,d,Elective Inpatients,NA,Male,10-19 years,417,737,1.7673860911271,NA,427,1156,2.70725995316159,NA,NA,2021,Q3
2021Q4,NA,S92000003,d,S92000003,d,Elective Inpatients,NA,Male,10-19 years,489,959,1.96114519427403,NA,491,1052,2.14256619144603,NA,NA,2021,Q4
2022Q1,NA,S92000003,d,S92000003,d,Elective Inpatients,NA,Male,10-19 years,480,726,1.5125,NA,482,960,1.99170124481328,NA,NA,2022,Q1
2022Q2,NA,S92000003,d,S92000003,d,Elective Inpatients,NA,Male,10-19 years,425,649,1.52705882352941,NA,425,834,1.96235294117647,NA,NA,2022,Q2
2022Q3,NA,S92000003,d,S92000003,d,Elective Inpatients,NA,Male,10-19 years,488,920,1.88524590163934,NA,498,1717,3.44779116465863,NA,NA,2022,Q3
2022Q4,p,S92000003,d,S92000003,d,Elective Inpatients,NA,Male,10-19 years,462,732,1.58441558441558,NA,465,1052,2.26236559139785,NA,NA,2022,Q4
2017Q4,NA,S92000003,d,S92000003,d,Elective Inpatients,NA,Male,20-29 years,742,1248,1.68194070080863,NA,754,1572,2.08488063660477,NA,NA,2017,Q4
2018Q1,NA,S92000003,d,S92000003,d,Elective Inpatients,NA,Male,20-29 years,712,1269,1.78230337078652,NA,713,1662,2.33099579242637,NA,NA,2018,Q1
2018Q2,NA,S92000003,d,S92000003,d,Elective Inpatients,NA,Male,20-29 years,750,1585,2.11333333333333,NA,751,1905,2.53661784287616,NA,NA,2018,Q2
2018Q3,NA,S92000003,d,S92000003,d,Elective Inpatients,NA,Male,20-29 years,704,1199,1.703125,NA,701,1593,2.27246790299572,NA,NA,2018,Q3
2018Q4,NA,S92000003,d,S92000003,d,Elective Inpatients,NA,Male,20-29 years,667,1111,1.66566716641679,NA,676,1644,2.43195266272189,NA,NA,2018,Q4
2019Q1,NA,S92000003,d,S92000003,d,Elective Inpatients,NA,Male,20-29 years,631,1092,1.73058637083994,NA,637,1460,2.29199372056515,NA,NA,2019,Q1
2019Q2,NA,S92000003,d,S92000003,d,Elective Inpatients,NA,Male,20-29 years,655,1092,1.66717557251908,NA,673,1525,2.26597325408618,NA,NA,2019,Q2
2019Q3,NA,S92000003,d,S92000003,d,Elective Inpatients,NA,Male,20-29 years,717,1207,1.68340306834031,NA,732,1537,2.09972677595628,NA,NA,2019,Q3
2019Q4,NA,S92000003,d,S92000003,d,Elective Inpatients,NA,Male,20-29 years,643,1104,1.71695178849145,NA,658,1472,2.2370820668693,NA,NA,2019,Q4
2020Q1,NA,S92000003,d,S92000003,d,Elective Inpatients,NA,Male,20-29 years,545,992,1.82018348623853,NA,554,1173,2.1173285198556,NA,NA,2020,Q1
2020Q2,NA,S92000003,d,S92000003,d,Elective Inpatients,NA,Male,20-29 years,214,501,2.3411214953271,NA,215,590,2.74418604651163,NA,NA,2020,Q2
2020Q3,NA,S92000003,d,S92000003,d,Elective Inpatients,NA,Male,20-29 years,379,730,1.92612137203166,NA,381,956,2.50918635170604,NA,NA,2020,Q3
2020Q4,NA,S92000003,d,S92000003,d,Elective Inpatients,NA,Male,20-29 years,441,787,1.78458049886621,NA,447,1126,2.5190156599552598,NA,NA,2020,Q4
2021Q1,NA,S92000003,d,S92000003,d,Elective Inpatients,NA,Male,20-29 years,318,555,1.74528301886792,NA,318,677,2.12893081761006,NA,NA,2021,Q1
2021Q2,NA,S92000003,d,S92000003,d,Elective Inpatients,NA,Male,20-29 years,460,804,1.74782608695652,NA,462,1092,2.36363636363636,NA,NA,2021,Q2
2021Q3,NA,S92000003,d,S92000003,d,Elective Inpatients,NA,Male,20-29 years,379,1170,3.08707124010554,NA,384,1373,3.57552083333333,NA,NA,2021,Q3
2021Q4,NA,S92000003,d,S92000003,d,Elective Inpatients,NA,Male,20-29 years,364,686,1.88461538461538,NA,368,1008,2.73913043478261,NA,NA,2021,Q4
2022Q1,NA,S92000003,d,S92000003,d,Elective Inpatients,NA,Male,20-29 years,369,718,1.94579945799458,NA,376,974,2.59042553191489,NA,NA,2022,Q1
2022Q2,NA,S92000003,d,S92000003,d,Elective Inpatients,NA,Male,20-29 years,370,804,2.17297297297297,NA,370,1073,2.9,NA,NA,2022,Q2
2022Q3,NA,S92000003,d,S92000003,d,Elective Inpatients,NA,Male,20-29 years,395,811,2.05316455696203,NA,400,1047,2.6175,NA,NA,2022,Q3
2022Q4,p,S92000003,d,S92000003,d,Elective Inpatients,NA,Male,20-29 years,383,681,1.77806788511749,NA,389,833,2.1413881748072,NA,NA,2022,Q4
2017Q4,NA,S92000003,d,S92000003,d,Elective Inpatients,NA,Male,30-39 years,992,1843,1.85786290322581,NA,1008,2445,2.42559523809524,NA,NA,2017,Q4
2018Q1,NA,S92000003,d,S92000003,d,Elective Inpatients,NA,Male,30-39 years,941,1596,1.69606801275239,NA,935,2087,2.23208556149733,NA,NA,2018,Q1
2018Q2,NA,S92000003,d,S92000003,d,Elective Inpatients,NA,Male,30-39 years,957,2050,2.14211076280042,NA,973,2567,2.6382322713258,NA,NA,2018,Q2
2018Q3,NA,S92000003,d,S92000003,d,Elective Inpatients,NA,Male,30-39 years,895,1659,1.8536312849162,NA,907,2067,2.27894156560088,NA,NA,2018,Q3
2018Q4,NA,S92000003,d,S92000003,d,Elective Inpatients,NA,Male,30-39 years,889,1772,1.99325084364454,NA,900,2255,2.50555555555556,NA,NA,2018,Q4
2019Q1,NA,S92000003,d,S92000003,d,Elective Inpatients,NA,Male,30-39 years,971,1908,1.96498455200824,NA,975,2581,2.64717948717949,NA,NA,2019,Q1
2019Q2,NA,S92000003,d,S92000003,d,Elective Inpatients,NA,Male,30-39 years,914,1855,2.02954048140044,NA,922,2368,2.56832971800434,NA,NA,2019,Q2
2019Q3,NA,S92000003,d,S92000003,d,Elective Inpatients,NA,Male,30-39 years,813,1480,1.82041820418204,NA,825,2024,2.45333333333333,NA,NA,2019,Q3
2019Q4,NA,S92000003,d,S92000003,d,Elective Inpatients,NA,Male,30-39 years,832,1369,1.64543269230769,NA,855,2250,2.63157894736842,NA,NA,2019,Q4
2020Q1,NA,S92000003,d,S92000003,d,Elective Inpatients,NA,Male,30-39 years,740,1372,1.85405405405405,NA,744,2078,2.79301075268817,NA,NA,2020,Q1
2020Q2,NA,S92000003,d,S92000003,d,Elective Inpatients,NA,Male,30-39 years,250,505,2.02,NA,259,788,3.04247104247104,NA,NA,2020,Q2
2020Q3,NA,S92000003,d,S92000003,d,Elective Inpatients,NA,Male,30-39 years,472,1236,2.61864406779661,NA,470,1689,3.5936170212766,NA,NA,2020,Q3
2020Q4,NA,S92000003,d,S92000003,d,Elective Inpatients,NA,Male,30-39 years,574,1106,1.92682926829268,NA,583,1590,2.72727272727273,NA,NA,2020,Q4
2021Q1,NA,S92000003,d,S92000003,d,Elective Inpatients,NA,Male,30-39 years,447,983,2.19910514541387,NA,446,1389,3.11434977578475,NA,NA,2021,Q1
2021Q2,NA,S92000003,d,S92000003,d,Elective Inpatients,NA,Male,30-39 years,595,1074,1.80504201680672,NA,611,1473,2.41080196399345,NA,NA,2021,Q2
2021Q3,NA,S92000003,d,S92000003,d,Elective Inpatients,NA,Male,30-39 years,513,1070,2.08576998050682,NA,524,1614,3.08015267175573,NA,NA,2021,Q3
2021Q4,NA,S92000003,d,S92000003,d,Elective Inpatients,NA,Male,30-39 years,454,897,1.97577092511013,NA,459,1485,3.23529411764706,NA,NA,2021,Q4
2022Q1,NA,S92000003,d,S92000003,d,Elective Inpatients,NA,Male,30-39 years,486,944,1.94238683127572,NA,489,1477,3.02044989775051,NA,NA,2022,Q1
2022Q2,NA,S92000003,d,S92000003,d,Elective Inpatients,NA,Male,30-39 years,522,970,1.85823754789272,NA,526,1450,2.75665399239544,NA,NA,2022,Q2
2022Q3,NA,S92000003,d,S92000003,d,Elective Inpatients,NA,Male,30-39 years,580,1033,1.78103448275862,NA,588,1515,2.5765306122449,NA,NA,2022,Q3
2022Q4,p,S92000003,d,S92000003,d,Elective Inpatients,NA,Male,30-39 years,591,1262,2.13536379018613,NA,603,1755,2.91044776119403,NA,NA,2022,Q4
2017Q4,NA,S92000003,d,S92000003,d,Elective Inpatients,NA,Male,40-49 years,1464,3423,2.33811475409836,NA,1478,4742,3.20838971583221,NA,NA,2017,Q4
2018Q1,NA,S92000003,d,S92000003,d,Elective Inpatients,NA,Male,40-49 years,1315,3411,2.59391634980989,NA,1305,4918,3.76858237547893,NA,NA,2018,Q1
2018Q2,NA,S92000003,d,S92000003,d,Elective Inpatients,NA,Male,40-49 years,1320,2991,2.26590909090909,NA,1321,4373,3.31037093111279,NA,NA,2018,Q2
2018Q3,NA,S92000003,d,S92000003,d,Elective Inpatients,NA,Male,40-49 years,1282,2590,2.02028081123245,NA,1296,3879,2.99305555555556,NA,NA,2018,Q3
2018Q4,NA,S92000003,d,S92000003,d,Elective Inpatients,NA,Male,40-49 years,1327,3228,2.43255463451394,NA,1347,4379,3.25092798812175,NA,NA,2018,Q4
2019Q1,NA,S92000003,d,S92000003,d,Elective Inpatients,NA,Male,40-49 years,1271,2831,2.22738001573564,NA,1279,3756,2.93666927286943,NA,NA,2019,Q1
2019Q2,NA,S92000003,d,S92000003,d,Elective Inpatients,NA,Male,40-49 years,1266,2724,2.15165876777251,NA,1278,3730,2.91862284820031,NA,NA,2019,Q2
2019Q3,NA,S92000003,d,S92000003,d,Elective Inpatients,NA,Male,40-49 years,1162,2421,2.08347676419966,NA,1186,3621,3.0531197301855,NA,NA,2019,Q3
2019Q4,NA,S92000003,d,S92000003,d,Elective Inpatients,NA,Male,40-49 years,1213,2641,2.17724649629019,NA,1233,3875,3.14274128142741,NA,NA,2019,Q4
2020Q1,NA,S92000003,d,S92000003,d,Elective Inpatients,NA,Male,40-49 years,1096,2359,2.15237226277372,NA,1123,3298,2.93677649154052,NA,NA,2020,Q1
2020Q2,NA,S92000003,d,S92000003,d,Elective Inpatients,NA,Male,40-49 years,413,1235,2.99031476997579,NA,411,1555,3.78345498783455,NA,NA,2020,Q2
2020Q3,NA,S92000003,d,S92000003,d,Elective Inpatients,NA,Male,40-49 years,678,1485,2.19026548672566,NA,680,2212,3.25294117647059,NA,NA,2020,Q3
2020Q4,NA,S92000003,d,S92000003,d,Elective Inpatients,NA,Male,40-49 years,860,1940,2.25581395348837,NA,864,2615,3.02662037037037,NA,NA,2020,Q4
2021Q1,NA,S92000003,d,S92000003,d,Elective Inpatients,NA,Male,40-49 years,704,1551,2.203125,NA,702,2479,3.53133903133903,NA,NA,2021,Q1
2021Q2,NA,S92000003,d,S92000003,d,Elective Inpatients,NA,Male,40-49 years,918,2118,2.30718954248366,NA,930,2855,3.06989247311828,NA,NA,2021,Q2
2021Q3,NA,S92000003,d,S92000003,d,Elective Inpatients,NA,Male,40-49 years,843,1900,2.25385527876631,NA,851,2471,2.90364277320799,NA,NA,2021,Q3
2021Q4,NA,S92000003,d,S92000003,d,Elective Inpatients,NA,Male,40-49 years,715,2040,2.85314685314685,NA,734,3008,4.09809264305177,NA,NA,2021,Q4
2022Q1,NA,S92000003,d,S92000003,d,Elective Inpatients,NA,Male,40-49 years,768,1775,2.31119791666667,NA,770,2507,3.25584415584416,NA,NA,2022,Q1
2022Q2,NA,S92000003,d,S92000003,d,Elective Inpatients,NA,Male,40-49 years,743,1689,2.27321668909825,NA,758,3235,4.26781002638522,NA,NA,2022,Q2
2022Q3,NA,S92000003,d,S92000003,d,Elective Inpatients,NA,Male,40-49 years,883,1860,2.10645526613817,NA,892,2997,3.35986547085202,NA,NA,2022,Q3
2022Q4,p,S92000003,d,S92000003,d,Elective Inpatients,NA,Male,40-49 years,830,1827,2.20120481927711,NA,845,2613,3.09230769230769,NA,NA,2022,Q4
2017Q4,NA,S92000003,d,S92000003,d,Elective Inpatients,NA,Male,50-59 years,2875,8011,2.7864347826087,NA,2907,11786,4.05435156518748,NA,NA,2017,Q4
2018Q1,NA,S92000003,d,S92000003,d,Elective Inpatients,NA,Male,50-59 years,2761,6348,2.29916696848968,NA,2752,10042,3.64898255813953,NA,NA,2018,Q1
2018Q2,NA,S92000003,d,S92000003,d,Elective Inpatients,NA,Male,50-59 years,2891,6748,2.33414043583535,NA,2898,11117,3.83609385783299,NA,NA,2018,Q2
2018Q3,NA,S92000003,d,S92000003,d,Elective Inpatients,NA,Male,50-59 years,2687,5984,2.2270189802754,NA,2703,8498,3.14391416944136,NA,NA,2018,Q3
2018Q4,NA,S92000003,d,S92000003,d,Elective Inpatients,NA,Male,50-59 years,2688,6745,2.5093005952381,NA,2730,9959,3.64798534798535,NA,NA,2018,Q4
2019Q1,NA,S92000003,d,S92000003,d,Elective Inpatients,NA,Male,50-59 years,2728,6901,2.52969208211144,NA,2770,10229,3.6927797833935,NA,NA,2019,Q1
2019Q2,NA,S92000003,d,S92000003,d,Elective Inpatients,NA,Male,50-59 years,2753,6386,2.31965128950236,NA,2766,9574,3.46131597975416,NA,NA,2019,Q2
2019Q3,NA,S92000003,d,S92000003,d,Elective Inpatients,NA,Male,50-59 years,2642,6310,2.3883421650265,NA,2669,9385,3.51629823904084,NA,NA,2019,Q3
2019Q4,NA,S92000003,d,S92000003,d,Elective Inpatients,NA,Male,50-59 years,2686,6141,2.28629932985853,NA,2737,9114,3.32992327365729,NA,NA,2019,Q4
2020Q1,NA,S92000003,d,S92000003,d,Elective Inpatients,NA,Male,50-59 years,2421,5496,2.27013630731103,NA,2470,8722,3.53117408906883,NA,NA,2020,Q1
2020Q2,NA,S92000003,d,S92000003,d,Elective Inpatients,NA,Male,50-59 years,995,2349,2.3608040201005,NA,1000,3782,3.782,NA,NA,2020,Q2
2020Q3,NA,S92000003,d,S92000003,d,Elective Inpatients,NA,Male,50-59 years,1641,3847,2.34430225472273,NA,1662,5796,3.48736462093863,NA,NA,2020,Q3
2020Q4,NA,S92000003,d,S92000003,d,Elective Inpatients,NA,Male,50-59 years,1807,4511,2.49640287769784,NA,1844,7025,3.80965292841649,NA,NA,2020,Q4
2021Q1,NA,S92000003,d,S92000003,d,Elective Inpatients,NA,Male,50-59 years,1580,4060,2.56962025316456,NA,1576,5597,3.55139593908629,NA,NA,2021,Q1
2021Q2,NA,S92000003,d,S92000003,d,Elective Inpatients,NA,Male,50-59 years,2044,5105,2.49755381604697,NA,2065,7218,3.4953995157385,NA,NA,2021,Q2
2021Q3,NA,S92000003,d,S92000003,d,Elective Inpatients,NA,Male,50-59 years,1780,4725,2.65449438202247,NA,1808,6678,3.69358407079646,NA,NA,2021,Q3
2021Q4,NA,S92000003,d,S92000003,d,Elective Inpatients,NA,Male,50-59 years,1708,4181,2.44789227166276,NA,1734,6413,3.69838523644752,NA,NA,2021,Q4
2022Q1,NA,S92000003,d,S92000003,d,Elective Inpatients,NA,Male,50-59 years,1646,4363,2.65066828675577,NA,1644,7076,4.30413625304136,NA,NA,2022,Q1
2022Q2,NA,S92000003,d,S92000003,d,Elective Inpatients,NA,Male,50-59 years,1770,4477,2.52937853107345,NA,1784,6865,3.84809417040359,NA,NA,2022,Q2
2022Q3,NA,S92000003,d,S92000003,d,Elective Inpatients,NA,Male,50-59 years,1896,4131,2.1787974683544298,NA,1923,6861,3.56786271450858,NA,NA,2022,Q3
2022Q4,p,S92000003,d,S92000003,d,Elective Inpatients,NA,Male,50-59 years,1944,4803,2.47067901234568,NA,1962,7425,3.78440366972477,NA,NA,2022,Q4
2017Q4,NA,S92000003,d,S92000003,d,Elective Inpatients,NA,Male,60-69 years,4158,11330,2.72486772486772,NA,4218,17000,4.03034613560929,NA,NA,2017,Q4
2018Q1,NA,S92000003,d,S92000003,d,Elective Inpatients,NA,Male,60-69 years,3860,10146,2.62849740932643,NA,3859,15512,4.01969422130086,NA,NA,2018,Q1
2018Q2,NA,S92000003,d,S92000003,d,Elective Inpatients,NA,Male,60-69 years,4081,10173,2.49277137956383,NA,4106,15678,3.81831466147102,NA,NA,2018,Q2
2018Q3,NA,S92000003,d,S92000003,d,Elective Inpatients,NA,Male,60-69 years,3950,9641,2.44075949367089,NA,3996,15270,3.82132132132132,NA,NA,2018,Q3
2018Q4,NA,S92000003,d,S92000003,d,Elective Inpatients,NA,Male,60-69 years,3932,9839,2.50228891149542,NA,3994,15178,3.80020030045068,NA,NA,2018,Q4
2019Q1,NA,S92000003,d,S92000003,d,Elective Inpatients,NA,Male,60-69 years,4104,9798,2.3874269005848,NA,4120,14877,3.61092233009709,NA,NA,2019,Q1
2019Q2,NA,S92000003,d,S92000003,d,Elective Inpatients,NA,Male,60-69 years,4010,9556,2.38304239401496,NA,4035,14981,3.71276332094176,NA,NA,2019,Q2
2019Q3,NA,S92000003,d,S92000003,d,Elective Inpatients,NA,Male,60-69 years,3912,9556,2.44274028629857,NA,3955,15335,3.87737041719343,NA,NA,2019,Q3
2019Q4,NA,S92000003,d,S92000003,d,Elective Inpatients,NA,Male,60-69 years,3922,9668,2.46506884242733,NA,3963,14729,3.71662881655312,NA,NA,2019,Q4
2020Q1,NA,S92000003,d,S92000003,d,Elective Inpatients,NA,Male,60-69 years,3423,7971,2.32865907099036,NA,3464,13094,3.78002309468822,NA,NA,2020,Q1
2020Q2,NA,S92000003,d,S92000003,d,Elective Inpatients,NA,Male,60-69 years,1462,3868,2.64569083447332,NA,1461,6639,4.5441478439425,NA,NA,2020,Q2
2020Q3,NA,S92000003,d,S92000003,d,Elective Inpatients,NA,Male,60-69 years,2495,7693,3.08336673346693,NA,2537,11455,4.5151754040205,NA,NA,2020,Q3
2020Q4,NA,S92000003,d,S92000003,d,Elective Inpatients,NA,Male,60-69 years,2811,6858,2.43970117395944,NA,2869,11149,3.8860230045312,NA,NA,2020,Q4
2021Q1,NA,S92000003,d,S92000003,d,Elective Inpatients,NA,Male,60-69 years,2440,6231,2.55368852459016,NA,2429,9361,3.85384932070811,NA,NA,2021,Q1
2021Q2,NA,S92000003,d,S92000003,d,Elective Inpatients,NA,Male,60-69 years,3091,8099,2.62018764153995,NA,3122,13399,4.291800128123,NA,NA,2021,Q2
2021Q3,NA,S92000003,d,S92000003,d,Elective Inpatients,NA,Male,60-69 years,2844,7130,2.5070323488045,NA,2866,12156,4.24145150034892,NA,NA,2021,Q3
2021Q4,NA,S92000003,d,S92000003,d,Elective Inpatients,NA,Male,60-69 years,2763,6794,2.45892146217879,NA,2822,11938,4.23033309709426,NA,NA,2021,Q4
2022Q1,NA,S92000003,d,S92000003,d,Elective Inpatients,NA,Male,60-69 years,2673,6323,2.36550692106248,NA,2683,10004,3.7286619455833,NA,NA,2022,Q1
2022Q2,NA,S92000003,d,S92000003,d,Elective Inpatients,NA,Male,60-69 years,2921,6656,2.27867168777816,NA,2947,11840,4.0176450627757,NA,NA,2022,Q2
2022Q3,NA,S92000003,d,S92000003,d,Elective Inpatients,NA,Male,60-69 years,3165,7416,2.34312796208531,NA,3205,13383,4.17566302652106,NA,NA,2022,Q3
2022Q4,p,S92000003,d,S92000003,d,Elective Inpatients,NA,Male,60-69 years,3275,7193,2.1963358778626,NA,3333,12335,3.7008700870087,NA,NA,2022,Q4
2017Q4,NA,S92000003,d,S92000003,d,Elective Inpatients,NA,Male,70-79 years,3874,11135,2.87429013939081,NA,3906,17816,4.56118791602663,NA,NA,2017,Q4
2018Q1,NA,S92000003,d,S92000003,d,Elective Inpatients,NA,Male,70-79 years,3587,10053,2.80262057429607,NA,3575,16552,4.62993006993007,NA,NA,2018,Q1
2018Q2,NA,S92000003,d,S92000003,d,Elective Inpatients,NA,Male,70-79 years,3883,10433,2.68684007210919,NA,3907,16011,4.09802917839775,NA,NA,2018,Q2
2018Q3,NA,S92000003,d,S92000003,d,Elective Inpatients,NA,Male,70-79 years,3926,10258,2.6128374936322,NA,3961,17178,4.33678364049482,NA,NA,2018,Q3
2018Q4,NA,S92000003,d,S92000003,d,Elective Inpatients,NA,Male,70-79 years,3962,10671,2.69333669863705,NA,4018,17355,4.3193130910901,NA,NA,2018,Q4
2019Q1,NA,S92000003,d,S92000003,d,Elective Inpatients,NA,Male,70-79 years,3844,9367,2.43678459937565,NA,3857,14591,3.78299196266528,NA,NA,2019,Q1
2019Q2,NA,S92000003,d,S92000003,d,Elective Inpatients,NA,Male,70-79 years,4023,10254,2.54884414615958,NA,4054,15879,3.916872224963,NA,NA,2019,Q2
2019Q3,NA,S92000003,d,S92000003,d,Elective Inpatients,NA,Male,70-79 years,3785,9532,2.51836195508587,NA,3850,16996,4.41454545454545,NA,NA,2019,Q3
2019Q4,NA,S92000003,d,S92000003,d,Elective Inpatients,NA,Male,70-79 years,3924,10350,2.63761467889908,NA,3994,16765,4.19754631947922,NA,NA,2019,Q4
2020Q1,NA,S92000003,d,S92000003,d,Elective Inpatients,NA,Male,70-79 years,3494,8203,2.34773898111048,NA,3542,14767,4.16911349520045,NA,NA,2020,Q1
2020Q2,NA,S92000003,d,S92000003,d,Elective Inpatients,NA,Male,70-79 years,1417,3708,2.61679604798871,NA,1406,5891,4.18990042674253,NA,NA,2020,Q2
2020Q3,NA,S92000003,d,S92000003,d,Elective Inpatients,NA,Male,70-79 years,2605,6545,2.51247600767754,NA,2647,10847,4.09784661881375,NA,NA,2020,Q3
2020Q4,NA,S92000003,d,S92000003,d,Elective Inpatients,NA,Male,70-79 years,2729,6354,2.32832539391719,NA,2812,11223,3.99110953058321,NA,NA,2020,Q4
2021Q1,NA,S92000003,d,S92000003,d,Elective Inpatients,NA,Male,70-79 years,2281,5931,2.60017536168347,NA,2269,9274,4.08726311150286,NA,NA,2021,Q1
2021Q2,NA,S92000003,d,S92000003,d,Elective Inpatients,NA,Male,70-79 years,3031,7718,2.54635433850214,NA,3084,12196,3.95460440985733,NA,NA,2021,Q2
2021Q3,NA,S92000003,d,S92000003,d,Elective Inpatients,NA,Male,70-79 years,2875,7138,2.48278260869565,NA,2907,12303,4.23219814241486,NA,NA,2021,Q3
2021Q4,NA,S92000003,d,S92000003,d,Elective Inpatients,NA,Male,70-79 years,2691,6849,2.54515050167224,NA,2787,12215,4.38284894151417,NA,NA,2021,Q4
2022Q1,NA,S92000003,d,S92000003,d,Elective Inpatients,NA,Male,70-79 years,2584,5782,2.23761609907121,NA,2604,10057,3.86213517665131,NA,NA,2022,Q1
2022Q2,NA,S92000003,d,S92000003,d,Elective Inpatients,NA,Male,70-79 years,2840,6941,2.44401408450704,NA,2863,12047,4.2078239608802,NA,NA,2022,Q2
2022Q3,NA,S92000003,d,S92000003,d,Elective Inpatients,NA,Male,70-79 years,3105,7649,2.4634460547504,NA,3134,13379,4.26898532227186,NA,NA,2022,Q3
2022Q4,p,S92000003,d,S92000003,d,Elective Inpatients,NA,Male,70-79 years,3254,7751,2.3819913952059,NA,3308,13506,4.08282950423216,NA,NA,2022,Q4
2017Q4,NA,S92000003,d,S92000003,d,Elective Inpatients,NA,Male,80-89 years,1591,5486,3.44814582023884,NA,1619,8422,5.20197652872143,NA,NA,2017,Q4
2018Q1,NA,S92000003,d,S92000003,d,Elective Inpatients,NA,Male,80-89 years,1438,4407,3.06467315716273,NA,1450,7214,4.9751724137931,NA,NA,2018,Q1
2018Q2,NA,S92000003,d,S92000003,d,Elective Inpatients,NA,Male,80-89 years,1634,5287,3.23561811505508,NA,1638,7997,4.88217338217338,NA,NA,2018,Q2
2018Q3,NA,S92000003,d,S92000003,d,Elective Inpatients,NA,Male,80-89 years,1610,5145,3.19565217391304,NA,1617,7741,4.78726035868893,NA,NA,2018,Q3
2018Q4,NA,S92000003,d,S92000003,d,Elective Inpatients,NA,Male,80-89 years,1507,4275,2.83676177836762,NA,1541,7668,4.97598961713173,NA,NA,2018,Q4
2019Q1,NA,S92000003,d,S92000003,d,Elective Inpatients,NA,Male,80-89 years,1487,4051,2.72427706792199,NA,1507,6221,4.12806901128069,NA,NA,2019,Q1
2019Q2,NA,S92000003,d,S92000003,d,Elective Inpatients,NA,Male,80-89 years,1611,4324,2.68404717566729,NA,1628,7071,4.34336609336609,NA,NA,2019,Q2
2019Q3,NA,S92000003,d,S92000003,d,Elective Inpatients,NA,Male,80-89 years,1564,4483,2.86636828644501,NA,1579,7049,4.46421785940469,NA,NA,2019,Q3
2019Q4,NA,S92000003,d,S92000003,d,Elective Inpatients,NA,Male,80-89 years,1553,4171,2.68576947842885,NA,1578,6594,4.1787072243346,NA,NA,2019,Q4
2020Q1,NA,S92000003,d,S92000003,d,Elective Inpatients,NA,Male,80-89 years,1346,3783,2.81054977711738,NA,1362,5512,4.04698972099853,NA,NA,2020,Q1
2020Q2,NA,S92000003,d,S92000003,d,Elective Inpatients,NA,Male,80-89 years,480,1562,3.25416666666667,NA,485,2739,5.64742268041237,NA,NA,2020,Q2
2020Q3,NA,S92000003,d,S92000003,d,Elective Inpatients,NA,Male,80-89 years,1009,2737,2.71258671952428,NA,1008,4035,4.00297619047619,NA,NA,2020,Q3
2020Q4,NA,S92000003,d,S92000003,d,Elective Inpatients,NA,Male,80-89 years,1143,3378,2.95538057742782,NA,1167,5141,4.40531276778063,NA,NA,2020,Q4
2021Q1,NA,S92000003,d,S92000003,d,Elective Inpatients,NA,Male,80-89 years,878,2785,3.17198177676538,NA,908,4794,5.27973568281938,NA,NA,2021,Q1
2021Q2,NA,S92000003,d,S92000003,d,Elective Inpatients,NA,Male,80-89 years,1194,3268,2.73701842546064,NA,1221,4927,4.03521703521703,NA,NA,2021,Q2
2021Q3,NA,S92000003,d,S92000003,d,Elective Inpatients,NA,Male,80-89 years,1109,2759,2.4878268710550002,NA,1138,4293,3.77240773286468,NA,NA,2021,Q3
2021Q4,NA,S92000003,d,S92000003,d,Elective Inpatients,NA,Male,80-89 years,954,2566,2.68972746331237,NA,997,4238,4.25075225677031,NA,NA,2021,Q4
2022Q1,NA,S92000003,d,S92000003,d,Elective Inpatients,NA,Male,80-89 years,1007,2696,2.6772591857001,NA,1011,3900,3.85756676557863,NA,NA,2022,Q1
2022Q2,NA,S92000003,d,S92000003,d,Elective Inpatients,NA,Male,80-89 years,1120,3237,2.89017857142857,NA,1143,4953,4.33333333333333,NA,NA,2022,Q2
2022Q3,NA,S92000003,d,S92000003,d,Elective Inpatients,NA,Male,80-89 years,1171,2970,2.53629376601196,NA,1200,4718,3.93166666666667,NA,NA,2022,Q3
2022Q4,p,S92000003,d,S92000003,d,Elective Inpatients,NA,Male,80-89 years,1215,3371,2.77448559670782,NA,1239,5228,4.21953188054883,NA,NA,2022,Q4
2017Q4,NA,S92000003,d,S92000003,d,Elective Inpatients,NA,Male,90 years and over,126,541,4.29365079365079,NA,126,785,6.23015873015873,NA,NA,2017,Q4
2018Q1,NA,S92000003,d,S92000003,d,Elective Inpatients,NA,Male,90 years and over,84,380,4.52380952380952,NA,86,500,5.81395348837209,NA,NA,2018,Q1
2018Q2,NA,S92000003,d,S92000003,d,Elective Inpatients,NA,Male,90 years and over,127,458,3.60629921259843,NA,123,667,5.42276422764228,NA,NA,2018,Q2
2018Q3,NA,S92000003,d,S92000003,d,Elective Inpatients,NA,Male,90 years and over,125,470,3.76,NA,122,647,5.30327868852459,NA,NA,2018,Q3
2018Q4,NA,S92000003,d,S92000003,d,Elective Inpatients,NA,Male,90 years and over,106,326,3.07547169811321,NA,110,430,3.90909090909091,NA,NA,2018,Q4
2019Q1,NA,S92000003,d,S92000003,d,Elective Inpatients,NA,Male,90 years and over,114,367,3.21929824561404,NA,112,878,7.83928571428571,NA,NA,2019,Q1
2019Q2,NA,S92000003,d,S92000003,d,Elective Inpatients,NA,Male,90 years and over,115,264,2.29565217391304,NA,116,460,3.96551724137931,NA,NA,2019,Q2
2019Q3,NA,S92000003,d,S92000003,d,Elective Inpatients,NA,Male,90 years and over,128,436,3.40625,NA,131,647,4.93893129770992,NA,NA,2019,Q3
2019Q4,NA,S92000003,d,S92000003,d,Elective Inpatients,NA,Male,90 years and over,130,388,2.98461538461538,NA,136,804,5.91176470588235,NA,NA,2019,Q4
2020Q1,NA,S92000003,d,S92000003,d,Elective Inpatients,NA,Male,90 years and over,121,476,3.93388429752066,NA,120,680,5.66666666666667,NA,NA,2020,Q1
2020Q2,NA,S92000003,d,S92000003,d,Elective Inpatients,NA,Male,90 years and over,45,109,2.42222222222222,NA,44,157,3.56818181818182,NA,NA,2020,Q2
2020Q3,NA,S92000003,d,S92000003,d,Elective Inpatients,NA,Male,90 years and over,84,224,2.66666666666667,NA,81,408,5.03703703703704,NA,NA,2020,Q3
2020Q4,NA,S92000003,d,S92000003,d,Elective Inpatients,NA,Male,90 years and over,88,239,2.71590909090909,NA,88,373,4.23863636363636,NA,NA,2020,Q4
2021Q1,NA,S92000003,d,S92000003,d,Elective Inpatients,NA,Male,90 years and over,71,188,2.64788732394366,NA,73,227,3.10958904109589,NA,NA,2021,Q1
2021Q2,NA,S92000003,d,S92000003,d,Elective Inpatients,NA,Male,90 years and over,106,306,2.88679245283019,NA,106,404,3.81132075471698,NA,NA,2021,Q2
2021Q3,NA,S92000003,d,S92000003,d,Elective Inpatients,NA,Male,90 years and over,81,197,2.4320987654321,NA,82,305,3.71951219512195,NA,NA,2021,Q3
2021Q4,NA,S92000003,d,S92000003,d,Elective Inpatients,NA,Male,90 years and over,77,205,2.66233766233766,NA,78,284,3.64102564102564,NA,NA,2021,Q4
2022Q1,NA,S92000003,d,S92000003,d,Elective Inpatients,NA,Male,90 years and over,80,252,3.15,NA,75,582,7.76,NA,NA,2022,Q1
2022Q2,NA,S92000003,d,S92000003,d,Elective Inpatients,NA,Male,90 years and over,93,255,2.74193548387097,NA,98,395,4.03061224489796,NA,NA,2022,Q2
2022Q3,NA,S92000003,d,S92000003,d,Elective Inpatients,NA,Male,90 years and over,110,246,2.23636363636364,NA,111,595,5.36036036036036,NA,NA,2022,Q3
2022Q4,p,S92000003,d,S92000003,d,Elective Inpatients,NA,Male,90 years and over,90,380,4.22222222222222,NA,92,580,6.30434782608696,NA,NA,2022,Q4
